time,dist,distLeft,distRight,direction,status
9.212,55.35,-1,-1,-1,DRIVING
9.269,56.66,-1,-1,-1,DRIVING
9.325,55.88,-1,-1,-1,DRIVING
9.382,63.36,-1,-1,-1,DRIVING
9.44,62.66,-1,-1,-1,DRIVING
9.497,62.31,-1,-1,-1,DRIVING
9.553,61.54,-1,-1,-1,DRIVING
9.611,61.15,-1,-1,-1,DRIVING
9.668,59.64,-1,-1,-1,DRIVING
9.725,58.09,-1,-1,-1,DRIVING
9.782,53.40,-1,-1,-1,DRIVING
9.839,51.99,-1,-1,-1,DRIVING
9.895,49.84,-1,-1,-1,DRIVING
9.952,48.76,-1,-1,-1,DRIVING
10.008,47.04,-1,-1,-1,DRIVING
10.065,46.14,-1,-1,-1,DRIVING
10.123,45.73,-1,-1,-1,DRIVING
10.18,48.14,-1,-1,-1,DRIVING
10.237,47.58,-1,-1,-1,DRIVING
10.295,46.27,-1,-1,-1,DRIVING
10.352,41.62,-1,-1,-1,DRIVING
10.408,38.59,-1,-1,-1,DRIVING
10.466,40.99,-1,-1,-1,DRIVING
10.523,43.13,-1,-1,-1,DRIVING
10.579,40.73,-1,-1,-1,DRIVING
10.637,40.92,-1,-1,-1,DRIVING
10.694,37.47,-1,-1,-1,DRIVING
10.75,38.66,-1,-1,-1,DRIVING
10.808,35.84,-1,-1,-1,DRIVING
10.864,35.84,-1,-1,-1,DRIVING
10.918,25.82,-1,-1,-1,DRIVING
10.975,24.89,-1,-1,-1,DRIVING
11.031,27.25,-1,-1,-1,DRIVING
11.087,22.80,-1,-1,-1,DRIVING
11.143,21.11,-1,-1,-1,DRIVING
11.199,22.08,-1,-1,-1,DRIVING
11.254,21.06,-1,-1,-1,DRIVING
11.311,18.94,62.48,22.19,LEFT,OBSTACLE
13.686,60.35,-1,-1,-1,DRIVING
13.745,61.34,-1,-1,-1,DRIVING
13.802,62.36,-1,-1,-1,DRIVING
13.86,64.26,-1,-1,-1,DRIVING
13.919,74.83,-1,-1,-1,DRIVING
13.978,72.98,-1,-1,-1,DRIVING
14.036,69.63,-1,-1,-1,DRIVING
14.096,69.17,-1,-1,-1,DRIVING
14.154,67.32,-1,-1,-1,DRIVING
14.213,64.92,-1,-1,-1,DRIVING
14.271,67.88,-1,-1,-1,DRIVING
14.329,62.87,-1,-1,-1,DRIVING
14.388,61.40,-1,-1,-1,DRIVING
14.446,60.95,-1,-1,-1,DRIVING
14.504,58.57,-1,-1,-1,DRIVING
14.563,60.11,-1,-1,-1,DRIVING
14.62,55.68,-1,-1,-1,DRIVING
14.679,57.29,-1,-1,-1,DRIVING
14.737,53.21,-1,-1,-1,DRIVING
14.794,57.48,-1,-1,-1,DRIVING
14.853,50.32,-1,-1,-1,DRIVING
14.91,53.33,-1,-1,-1,DRIVING
14.967,47.80,-1,-1,-1,DRIVING
15.025,50.58,-1,-1,-1,DRIVING
15.082,45.36,-1,-1,-1,DRIVING
15.139,43.89,-1,-1,-1,DRIVING
15.197,45.37,-1,-1,-1,DRIVING
15.254,40.51,-1,-1,-1,DRIVING
15.311,39.24,-1,-1,-1,DRIVING
15.368,41.17,-1,-1,-1,DRIVING
15.425,36.75,-1,-1,-1,DRIVING
15.481,35.65,-1,-1,-1,DRIVING
15.539,36.21,-1,-1,-1,DRIVING
15.595,33.18,-1,-1,-1,DRIVING
15.651,30.84,-1,-1,-1,DRIVING
15.708,30.04,-1,-1,-1,DRIVING
15.764,30.41,-1,-1,-1,DRIVING
15.82,29.26,-1,-1,-1,DRIVING
15.877,26.28,-1,-1,-1,DRIVING
15.933,24.31,-1,-1,-1,DRIVING
15.989,23.21,-1,-1,-1,DRIVING
16.045,21.90,-1,-1,-1,DRIVING
16.101,20.54,-1,-1,-1,DRIVING
16.156,19.23,72.16,29.56,LEFT,OBSTACLE
18.533,58.84,-1,-1,-1,DRIVING
18.591,58.92,-1,-1,-1,DRIVING
18.65,59.19,-1,-1,-1,DRIVING
18.708,57.24,-1,-1,-1,DRIVING
18.765,56.68,-1,-1,-1,DRIVING
18.824,56.08,-1,-1,-1,DRIVING
18.881,54.69,-1,-1,-1,DRIVING
18.939,53.50,-1,-1,-1,DRIVING
18.997,52.33,-1,-1,-1,DRIVING
19.054,50.69,-1,-1,-1,DRIVING
19.112,49.71,-1,-1,-1,DRIVING
19.17,48.35,-1,-1,-1,DRIVING
19.227,47.77,-1,-1,-1,DRIVING
19.284,46.61,-1,-1,-1,DRIVING
19.342,44.85,-1,-1,-1,DRIVING
19.399,43.57,-1,-1,-1,DRIVING
19.457,42.62,-1,-1,-1,DRIVING
19.513,40.21,-1,-1,-1,DRIVING
19.57,37.89,-1,-1,-1,DRIVING
19.627,36.53,-1,-1,-1,DRIVING
19.684,35.75,-1,-1,-1,DRIVING
19.74,38.78,-1,-1,-1,DRIVING
19.798,33.32,-1,-1,-1,DRIVING
19.854,31.72,-1,-1,-1,DRIVING
19.91,30.41,-1,-1,-1,DRIVING
19.966,28.99,-1,-1,-1,DRIVING
20.023,27.20,-1,-1,-1,DRIVING
20.079,26.61,-1,-1,-1,DRIVING
20.135,24.70,-1,-1,-1,DRIVING
20.191,23.49,-1,-1,-1,DRIVING
20.247,23.49,-1,-1,-1,DRIVING
20.301,21.08,-1,-1,-1,DRIVING
20.358,19.41,25.64,19.87,LEFT,OBSTACLE
22.731,60.50,-1,-1,-1,DRIVING
22.789,61.12,-1,-1,-1,DRIVING
22.847,60.69,-1,-1,-1,DRIVING
22.905,60.47,-1,-1,-1,DRIVING
22.964,59.99,-1,-1,-1,DRIVING
23.021,58.41,-1,-1,-1,DRIVING
23.079,57.87,-1,-1,-1,DRIVING
23.138,56.54,-1,-1,-1,DRIVING
23.195,56.19,-1,-1,-1,DRIVING
23.254,70.19,-1,-1,-1,DRIVING
23.312,69.02,-1,-1,-1,DRIVING
23.37,69.67,-1,-1,-1,DRIVING
23.43,68.37,-1,-1,-1,DRIVING
23.488,67.30,-1,-1,-1,DRIVING
23.546,65.70,-1,-1,-1,DRIVING
23.605,65.16,-1,-1,-1,DRIVING
23.663,62.65,-1,-1,-1,DRIVING
23.721,69.92,-1,-1,-1,DRIVING
23.781,61.83,-1,-1,-1,DRIVING
23.838,62.36,-1,-1,-1,DRIVING
23.897,77.86,-1,-1,-1,DRIVING
23.956,60.47,-1,-1,-1,DRIVING
24.014,58.97,-1,-1,-1,DRIVING
24.073,58.97,-1,-1,-1,DRIVING
24.13,71.62,-1,-1,-1,DRIVING
24.189,55.47,-1,-1,-1,DRIVING
24.247,53.81,-1,-1,-1,DRIVING
24.305,53.04,-1,-1,-1,DRIVING
24.363,65.76,-1,-1,-1,DRIVING
24.421,64.74,-1,-1,-1,DRIVING
24.479,63.68,-1,-1,-1,DRIVING
24.538,62.08,-1,-1,-1,DRIVING
24.596,60.15,-1,-1,-1,DRIVING
24.654,45.65,-1,-1,-1,DRIVING
24.712,43.57,-1,-1,-1,DRIVING
24.768,41.85,-1,-1,-1,DRIVING
24.825,40.56,-1,-1,-1,DRIVING
24.883,39.02,-1,-1,-1,DRIVING
24.939,37.69,-1,-1,-1,DRIVING
24.996,36.45,-1,-1,-1,DRIVING
25.053,35.16,-1,-1,-1,DRIVING
25.109,34.20,-1,-1,-1,DRIVING
25.166,32.96,-1,-1,-1,DRIVING
25.223,31.48,-1,-1,-1,DRIVING
25.279,29.92,-1,-1,-1,DRIVING
25.335,28.63,-1,-1,-1,DRIVING
25.392,27.27,-1,-1,-1,DRIVING
25.448,26.11,-1,-1,-1,DRIVING
25.504,24.80,-1,-1,-1,DRIVING
25.56,23.39,-1,-1,-1,DRIVING
25.616,22.19,-1,-1,-1,DRIVING
25.671,20.54,-1,-1,-1,DRIVING
25.728,19.06,62.31,28.32,LEFT,OBSTACLE
28.103,53.57,-1,-1,-1,DRIVING
28.162,51.78,-1,-1,-1,DRIVING
28.219,52.80,-1,-1,-1,DRIVING
28.276,54.54,-1,-1,-1,DRIVING
28.335,51.46,-1,-1,-1,DRIVING
28.392,50.44,-1,-1,-1,DRIVING
28.449,49.06,-1,-1,-1,DRIVING
28.507,47.57,-1,-1,-1,DRIVING
28.564,45.88,-1,-1,-1,DRIVING
28.621,44.49,-1,-1,-1,DRIVING
28.679,43.44,-1,-1,-1,DRIVING
28.736,42.08,-1,-1,-1,DRIVING
28.793,40.97,-1,-1,-1,DRIVING
28.85,39.58,-1,-1,-1,DRIVING
28.907,38.18,-1,-1,-1,DRIVING
28.963,36.75,-1,-1,-1,DRIVING
29.021,35.22,-1,-1,-1,DRIVING
29.077,34.44,-1,-1,-1,DRIVING
29.133,33.56,-1,-1,-1,DRIVING
29.191,32.90,-1,-1,-1,DRIVING
29.247,30.70,-1,-1,-1,DRIVING
29.303,28.87,-1,-1,-1,DRIVING
29.36,27.49,-1,-1,-1,DRIVING
29.416,26.16,-1,-1,-1,DRIVING
29.471,25.23,-1,-1,-1,DRIVING
29.528,23.24,-1,-1,-1,DRIVING
29.584,22.19,-1,-1,-1,DRIVING
29.639,21.37,-1,-1,-1,DRIVING
29.696,20.54,-1,-1,-1,DRIVING
29.751,22.68,-1,-1,-1,DRIVING
29.807,22.61,-1,-1,-1,DRIVING
29.863,21.25,-1,-1,-1,DRIVING
29.919,19.94,72.15,11.97,LEFT,OBSTACLE
32.294,66.81,-1,-1,-1,DRIVING
32.353,70.28,-1,-1,-1,DRIVING
32.412,69.43,-1,-1,-1,DRIVING
32.471,69.43,-1,-1,-1,DRIVING
32.529,69.97,-1,-1,-1,DRIVING
32.588,68.95,-1,-1,-1,DRIVING
32.647,67.44,-1,-1,-1,DRIVING
32.705,66.98,-1,-1,-1,DRIVING
32.763,66.83,-1,-1,-1,DRIVING
32.822,65.40,-1,-1,-1,DRIVING
32.88,65.20,-1,-1,-1,DRIVING
32.939,65.74,-1,-1,-1,DRIVING
32.997,74.72,-1,-1,-1,DRIVING
33.056,70.98,-1,-1,-1,DRIVING
33.115,63.29,-1,-1,-1,DRIVING
33.173,63.68,-1,-1,-1,DRIVING
33.231,60.84,-1,-1,-1,DRIVING
33.29,61.66,-1,-1,-1,DRIVING
33.348,58.80,-1,-1,-1,DRIVING
33.406,61.97,-1,-1,-1,DRIVING
33.465,59.74,-1,-1,-1,DRIVING
33.522,57.49,-1,-1,-1,DRIVING
33.581,56.05,-1,-1,-1,DRIVING
33.638,53.74,-1,-1,-1,DRIVING
33.696,52.41,-1,-1,-1,DRIVING
33.754,53.74,-1,-1,-1,DRIVING
33.812,50.66,-1,-1,-1,DRIVING
33.869,48.76,-1,-1,-1,DRIVING
33.927,46.50,-1,-1,-1,DRIVING
33.984,44.73,-1,-1,-1,DRIVING
34.041,43.78,-1,-1,-1,DRIVING
34.099,41.33,-1,-1,-1,DRIVING
34.155,40.27,-1,-1,-1,DRIVING
34.212,39.07,-1,-1,-1,DRIVING
34.269,38.18,-1,-1,-1,DRIVING
34.326,40.27,-1,-1,-1,DRIVING
34.382,35.34,-1,-1,-1,DRIVING
34.44,33.71,-1,-1,-1,DRIVING
34.496,32.71,-1,-1,-1,DRIVING
34.552,31.71,-1,-1,-1,DRIVING
34.609,30.18,-1,-1,-1,DRIVING
34.665,28.25,-1,-1,-1,DRIVING
34.721,26.78,-1,-1,-1,DRIVING
34.778,25.47,-1,-1,-1,DRIVING
34.834,24.16,-1,-1,-1,DRIVING
34.89,22.63,-1,-1,-1,DRIVING
34.946,23.39,-1,-1,-1,DRIVING
35.002,20.65,-1,-1,-1,DRIVING
35.057,18.36,22.07,28.37,RIGHT,OBSTACLE
37.432,29.87,-1,-1,-1,DRIVING
37.488,36.69,-1,-1,-1,DRIVING
37.545,33.61,-1,-1,-1,DRIVING
37.602,36.18,-1,-1,-1,DRIVING
37.658,35.70,-1,-1,-1,DRIVING
37.715,35.09,-1,-1,-1,DRIVING
37.772,35.14,-1,-1,-1,DRIVING
37.828,37.71,-1,-1,-1,DRIVING
37.885,36.65,-1,-1,-1,DRIVING
37.942,35.68,-1,-1,-1,DRIVING
37.998,35.87,-1,-1,-1,DRIVING
38.055,35.87,-1,-1,-1,DRIVING
38.11,32.98,-1,-1,-1,DRIVING
38.166,33.85,-1,-1,-1,DRIVING
38.223,32.78,-1,-1,-1,DRIVING
38.28,31.30,-1,-1,-1,DRIVING
38.336,29.80,-1,-1,-1,DRIVING
38.392,28.65,-1,-1,-1,DRIVING
38.449,28.73,-1,-1,-1,DRIVING
38.505,48.40,-1,-1,-1,DRIVING
38.562,47.92,-1,-1,-1,DRIVING
38.62,48.52,-1,-1,-1,DRIVING
38.677,45.39,-1,-1,-1,DRIVING
38.734,45.39,-1,-1,-1,DRIVING
38.789,42.59,-1,-1,-1,DRIVING
38.846,40.85,-1,-1,-1,DRIVING
38.903,40.56,-1,-1,-1,DRIVING
38.96,39.46,-1,-1,-1,DRIVING
39.017,39.20,-1,-1,-1,DRIVING
39.073,41.55,-1,-1,-1,DRIVING
39.131,39.15,-1,-1,-1,DRIVING
39.188,37.76,-1,-1,-1,DRIVING
39.244,36.75,-1,-1,-1,DRIVING
39.301,35.22,-1,-1,-1,DRIVING
39.358,33.97,-1,-1,-1,DRIVING
39.414,32.59,-1,-1,-1,DRIVING
39.471,31.59,-1,-1,-1,DRIVING
39.527,29.73,-1,-1,-1,DRIVING
39.583,29.73,-1,-1,-1,DRIVING
39.639,27.18,-1,-1,-1,DRIVING
39.695,25.76,-1,-1,-1,DRIVING
39.75,24.34,-1,-1,-1,DRIVING
39.806,23.02,-1,-1,-1,DRIVING
39.863,21.66,-1,-1,-1,DRIVING
39.918,20.23,-1,-1,-1,DRIVING
39.974,20.23,-1,-1,-1,DRIVING
40.029,17.51,22.49,58.07,RIGHT,OBSTACLE
42.405,69.55,-1,-1,-1,DRIVING
42.464,73.24,-1,-1,-1,DRIVING
42.522,74.24,-1,-1,-1,DRIVING
42.582,74.32,-1,-1,-1,DRIVING
42.641,100.98,-1,-1,-1,DRIVING
42.702,74.05,-1,-1,-1,DRIVING
42.761,83.98,-1,-1,-1,DRIVING
42.82,78.51,-1,-1,-1,DRIVING
42.88,78.12,-1,-1,-1,DRIVING
42.939,76.70,-1,-1,-1,DRIVING
42.998,75.63,-1,-1,-1,DRIVING
43.057,73.20,-1,-1,-1,DRIVING
43.116,69.72,-1,-1,-1,DRIVING
43.174,68.99,-1,-1,-1,DRIVING
43.234,69.00,-1,-1,-1,DRIVING
43.292,69.33,-1,-1,-1,DRIVING
43.351,65.28,-1,-1,-1,DRIVING
43.409,63.92,-1,-1,-1,DRIVING
43.467,63.38,-1,-1,-1,DRIVING
43.526,61.25,-1,-1,-1,DRIVING
43.584,57.38,-1,-1,-1,DRIVING
43.642,57.21,-1,-1,-1,DRIVING
43.7,57.70,-1,-1,-1,DRIVING
43.758,60.04,-1,-1,-1,DRIVING
43.816,59.50,-1,-1,-1,DRIVING
43.874,51.37,-1,-1,-1,DRIVING
43.932,52.92,-1,-1,-1,DRIVING
43.99,49.78,-1,-1,-1,DRIVING
44.047,48.50,-1,-1,-1,DRIVING
44.104,48.23,-1,-1,-1,DRIVING
44.162,45.49,-1,-1,-1,DRIVING
44.219,44.25,-1,-1,-1,DRIVING
44.276,47.45,-1,-1,-1,DRIVING
44.334,41.94,-1,-1,-1,DRIVING
44.391,39.25,-1,-1,-1,DRIVING
44.447,37.49,-1,-1,-1,DRIVING
44.505,35.73,-1,-1,-1,DRIVING
44.561,34.78,-1,-1,-1,DRIVING
44.617,32.57,-1,-1,-1,DRIVING
44.674,30.58,-1,-1,-1,DRIVING
44.731,29.78,-1,-1,-1,DRIVING
44.787,28.42,-1,-1,-1,DRIVING
44.843,27.00,-1,-1,-1,DRIVING
44.899,25.11,-1,-1,-1,DRIVING
44.955,23.53,-1,-1,-1,DRIVING
45.011,22.02,-1,-1,-1,DRIVING
45.067,20.55,-1,-1,-1,DRIVING
45.123,19.40,30.69,4.49,LEFT,OBSTACLE
47.495,40.26,-1,-1,-1,DRIVING
47.551,40.85,-1,-1,-1,DRIVING
47.608,40.60,-1,-1,-1,DRIVING
47.666,40.68,-1,-1,-1,DRIVING
47.722,40.21,-1,-1,-1,DRIVING
47.779,39.85,-1,-1,-1,DRIVING
47.837,38.90,-1,-1,-1,DRIVING
47.893,38.90,-1,-1,-1,DRIVING
47.947,36.99,-1,-1,-1,DRIVING
48.005,36.87,-1,-1,-1,DRIVING
48.061,36.58,-1,-1,-1,DRIVING
48.118,66.64,-1,-1,-1,DRIVING
48.177,65.06,-1,-1,-1,DRIVING
48.235,63.58,-1,-1,-1,DRIVING
48.293,63.89,-1,-1,-1,DRIVING
48.352,63.73,-1,-1,-1,DRIVING
48.41,31.94,-1,-1,-1,DRIVING
48.466,59.09,-1,-1,-1,DRIVING
48.525,56.88,-1,-1,-1,DRIVING
48.582,55.52,-1,-1,-1,DRIVING
48.641,55.10,-1,-1,-1,DRIVING
48.698,54.67,-1,-1,-1,DRIVING
48.755,67.66,-1,-1,-1,DRIVING
48.815,67.66,-1,-1,-1,DRIVING
48.869,63.75,-1,-1,-1,DRIVING
48.927,47.28,-1,-1,-1,DRIVING
48.985,45.97,-1,-1,-1,DRIVING
49.042,43.67,-1,-1,-1,DRIVING
49.099,44.35,-1,-1,-1,DRIVING
49.157,42.67,-1,-1,-1,DRIVING
49.213,41.09,-1,-1,-1,DRIVING
49.27,39.37,-1,-1,-1,DRIVING
49.328,37.64,-1,-1,-1,DRIVING
49.384,36.53,-1,-1,-1,DRIVING
49.44,34.97,-1,-1,-1,DRIVING
49.498,34.56,-1,-1,-1,DRIVING
49.554,33.25,-1,-1,-1,DRIVING
49.61,32.84,-1,-1,-1,DRIVING
49.667,117.88,-1,-1,-1,DRIVING
49.73,44.37,-1,-1,-1,DRIVING
49.786,43.10,-1,-1,-1,DRIVING
49.844,27.85,-1,-1,-1,DRIVING
49.9,28.15,-1,-1,-1,DRIVING
49.956,27.01,-1,-1,-1,DRIVING
50.013,27.98,-1,-1,-1,DRIVING
50.069,27.68,-1,-1,-1,DRIVING
50.125,25.93,-1,-1,-1,DRIVING
50.181,23.68,-1,-1,-1,DRIVING
50.237,22.15,-1,-1,-1,DRIVING
50.293,21.08,-1,-1,-1,DRIVING
50.349,20.23,-1,-1,-1,DRIVING
50.405,19.23,27.56,5.02,LEFT,OBSTACLE
52.776,24.56,-1,-1,-1,DRIVING
52.832,24.56,-1,-1,-1,DRIVING
52.887,24.56,-1,-1,-1,DRIVING
52.941,24.56,-1,-1,-1,DRIVING
52.996,24.56,-1,-1,-1,DRIVING
53.051,20.20,-1,-1,-1,DRIVING
53.106,109.29,-1,-1,-1,DRIVING
53.169,109.29,-1,-1,-1,DRIVING
53.224,18.80,83.57,15.20,LEFT,OBSTACLE
55.601,79.19,-1,-1,-1,DRIVING
55.66,79.78,-1,-1,-1,DRIVING
55.719,80.19,-1,-1,-1,DRIVING
55.779,82.38,-1,-1,-1,DRIVING
55.838,72.64,-1,-1,-1,DRIVING
55.897,70.62,-1,-1,-1,DRIVING
55.956,61.40,-1,-1,-1,DRIVING
56.013,59.98,-1,-1,-1,DRIVING
56.072,57.34,-1,-1,-1,DRIVING
56.13,56.15,-1,-1,-1,DRIVING
56.187,54.83,-1,-1,-1,DRIVING
56.246,53.69,-1,-1,-1,DRIVING
56.303,52.38,-1,-1,-1,DRIVING
56.36,51.07,-1,-1,-1,DRIVING
56.419,51.90,-1,-1,-1,DRIVING
56.476,53.75,-1,-1,-1,DRIVING
56.534,52.82,-1,-1,-1,DRIVING
56.592,50.25,-1,-1,-1,DRIVING
56.649,45.54,-1,-1,-1,DRIVING
56.707,43.04,-1,-1,-1,DRIVING
56.763,41.74,-1,-1,-1,DRIVING
56.82,39.70,-1,-1,-1,DRIVING
56.878,38.91,-1,-1,-1,DRIVING
56.934,38.49,-1,-1,-1,DRIVING
56.991,43.11,-1,-1,-1,DRIVING
57.049,40.55,-1,-1,-1,DRIVING
57.105,34.20,-1,-1,-1,DRIVING
57.161,31.91,-1,-1,-1,DRIVING
57.219,31.23,-1,-1,-1,DRIVING
57.275,35.50,-1,-1,-1,DRIVING
57.331,34.14,-1,-1,-1,DRIVING
57.388,28.70,-1,-1,-1,DRIVING
57.444,27.32,-1,-1,-1,DRIVING
57.5,30.35,-1,-1,-1,DRIVING
57.556,29.44,-1,-1,-1,DRIVING
57.613,26.91,-1,-1,-1,DRIVING
57.669,26.37,-1,-1,-1,DRIVING
57.725,25.64,-1,-1,-1,DRIVING
57.782,24.33,-1,-1,-1,DRIVING
57.837,22.51,-1,-1,-1,DRIVING
57.893,21.30,-1,-1,-1,DRIVING
57.949,20.67,-1,-1,-1,DRIVING
58.005,19.53,23.92,11.97,LEFT,OBSTACLE
60.378,30.52,-1,-1,-1,DRIVING
60.434,29.82,-1,-1,-1,DRIVING
60.49,29.00,-1,-1,-1,DRIVING
60.547,28.93,-1,-1,-1,DRIVING
60.603,27.80,-1,-1,-1,DRIVING
60.659,26.96,-1,-1,-1,DRIVING
60.716,26.11,-1,-1,-1,DRIVING
60.772,24.96,-1,-1,-1,DRIVING
60.827,23.92,-1,-1,-1,DRIVING
60.883,22.92,-1,-1,-1,DRIVING
60.94,21.85,-1,-1,-1,DRIVING
60.995,21.06,-1,-1,-1,DRIVING
61.051,19.58,65.62,28.14,LEFT,OBSTACLE
63.427,60.11,-1,-1,-1,DRIVING
63.485,60.52,-1,-1,-1,DRIVING
63.544,60.81,-1,-1,-1,DRIVING
63.602,59.74,-1,-1,-1,DRIVING
63.66,58.87,-1,-1,-1,DRIVING
63.718,58.28,-1,-1,-1,DRIVING
63.776,57.15,-1,-1,-1,DRIVING
63.834,56.20,-1,-1,-1,DRIVING
63.892,56.71,-1,-1,-1,DRIVING
63.949,55.49,-1,-1,-1,DRIVING
64.008,55.35,-1,-1,-1,DRIVING
64.065,56.78,-1,-1,-1,DRIVING
64.123,55.69,-1,-1,-1,DRIVING
64.181,54.60,-1,-1,-1,DRIVING
64.239,53.92,-1,-1,-1,DRIVING
64.296,52.85,-1,-1,-1,DRIVING
64.354,51.54,-1,-1,-1,DRIVING
64.412,51.19,-1,-1,-1,DRIVING
64.47,49.54,-1,-1,-1,DRIVING
64.527,48.71,-1,-1,-1,DRIVING
64.584,46.72,-1,-1,-1,DRIVING
64.642,47.11,-1,-1,-1,DRIVING
64.699,47.16,-1,-1,-1,DRIVING
64.756,44.25,-1,-1,-1,DRIVING
64.814,44.37,-1,-1,-1,DRIVING
64.871,42.84,-1,-1,-1,DRIVING
64.928,41.23,-1,-1,-1,DRIVING
64.985,40.68,-1,-1,-1,DRIVING
65.042,39.13,-1,-1,-1,DRIVING
65.099,38.42,-1,-1,-1,DRIVING
65.156,38.23,-1,-1,-1,DRIVING
65.213,63.33,-1,-1,-1,DRIVING
65.271,62.39,-1,-1,-1,DRIVING
65.329,60.83,-1,-1,-1,DRIVING
65.387,59.70,-1,-1,-1,DRIVING
65.445,57.72,-1,-1,-1,DRIVING
65.504,57.83,-1,-1,-1,DRIVING
65.561,55.66,-1,-1,-1,DRIVING
65.619,54.16,-1,-1,-1,DRIVING
65.677,53.13,-1,-1,-1,DRIVING
65.734,53.16,-1,-1,-1,DRIVING
65.793,51.54,-1,-1,-1,DRIVING
65.85,55.61,-1,-1,-1,DRIVING
65.908,52.26,-1,-1,-1,DRIVING
65.966,50.61,-1,-1,-1,DRIVING
66.023,50.03,-1,-1,-1,DRIVING
66.08,49.49,-1,-1,-1,DRIVING
66.138,46.78,-1,-1,-1,DRIVING
66.195,45.54,-1,-1,-1,DRIVING
66.252,49.57,-1,-1,-1,DRIVING
66.31,45.71,-1,-1,-1,DRIVING
66.367,42.11,-1,-1,-1,DRIVING
66.424,39.58,-1,-1,-1,DRIVING
66.482,39.95,-1,-1,-1,DRIVING
66.538,40.75,-1,-1,-1,DRIVING
66.595,37.52,-1,-1,-1,DRIVING
66.652,35.92,-1,-1,-1,DRIVING
66.709,34.22,-1,-1,-1,DRIVING
66.765,33.25,-1,-1,-1,DRIVING
66.822,32.83,-1,-1,-1,DRIVING
66.878,31.76,-1,-1,-1,DRIVING
66.935,30.86,-1,-1,-1,DRIVING
66.992,29.95,-1,-1,-1,DRIVING
67.048,28.49,-1,-1,-1,DRIVING
67.104,27.95,-1,-1,-1,DRIVING
67.16,27.52,-1,-1,-1,DRIVING
67.216,27.34,-1,-1,-1,DRIVING
67.272,27.13,-1,-1,-1,DRIVING
67.329,26.78,-1,-1,-1,DRIVING
67.385,26.79,-1,-1,-1,DRIVING
67.441,26.52,-1,-1,-1,DRIVING
67.496,25.94,-1,-1,-1,DRIVING
67.553,24.77,-1,-1,-1,DRIVING
67.609,23.94,-1,-1,-1,DRIVING
67.665,23.21,-1,-1,-1,DRIVING
67.721,22.27,-1,-1,-1,DRIVING
67.777,21.47,-1,-1,-1,DRIVING
67.832,20.59,-1,-1,-1,DRIVING
67.889,20.11,-1,-1,-1,DRIVING
67.944,20.47,-1,-1,-1,DRIVING
68.0,20.06,-1,-1,-1,DRIVING
68.056,19.96,24.45,5.98,LEFT,OBSTACLE
70.427,20.30,-1,-1,-1,DRIVING
70.483,19.82,42.94,17.39,LEFT,OBSTACLE
72.857,24.17,-1,-1,-1,DRIVING
72.913,24.68,-1,-1,-1,DRIVING
72.97,24.50,-1,-1,-1,DRIVING
73.025,24.41,-1,-1,-1,DRIVING
73.081,24.51,-1,-1,-1,DRIVING
73.138,23.44,-1,-1,-1,DRIVING
73.193,23.44,-1,-1,-1,DRIVING
73.248,21.95,-1,-1,-1,DRIVING
73.304,21.20,-1,-1,-1,DRIVING
73.36,20.52,-1,-1,-1,DRIVING
73.415,18.99,73.41,10.95,LEFT,OBSTACLE
75.791,56.32,-1,-1,-1,DRIVING
75.849,57.90,-1,-1,-1,DRIVING
75.907,66.32,-1,-1,-1,DRIVING
75.965,65.74,-1,-1,-1,DRIVING
76.024,64.12,-1,-1,-1,DRIVING
76.083,63.92,-1,-1,-1,DRIVING
76.141,65.38,-1,-1,-1,DRIVING
76.199,63.00,-1,-1,-1,DRIVING
76.257,60.62,-1,-1,-1,DRIVING
76.315,59.28,-1,-1,-1,DRIVING
76.374,58.94,-1,-1,-1,DRIVING
76.432,56.88,-1,-1,-1,DRIVING
76.489,55.01,-1,-1,-1,DRIVING
76.548,53.64,-1,-1,-1,DRIVING
76.605,52.21,-1,-1,-1,DRIVING
76.662,50.59,-1,-1,-1,DRIVING
76.721,49.64,-1,-1,-1,DRIVING
76.778,47.40,-1,-1,-1,DRIVING
76.835,46.44,-1,-1,-1,DRIVING
76.893,44.98,-1,-1,-1,DRIVING
76.95,44.54,-1,-1,-1,DRIVING
77.007,42.93,-1,-1,-1,DRIVING
77.064,40.63,-1,-1,-1,DRIVING
77.121,39.36,-1,-1,-1,DRIVING
77.177,38.47,-1,-1,-1,DRIVING
77.235,36.48,-1,-1,-1,DRIVING
77.291,35.26,-1,-1,-1,DRIVING
77.348,33.90,-1,-1,-1,DRIVING
77.405,32.11,-1,-1,-1,DRIVING
77.461,30.77,-1,-1,-1,DRIVING
77.517,29.22,-1,-1,-1,DRIVING
77.574,28.03,-1,-1,-1,DRIVING
77.63,26.72,-1,-1,-1,DRIVING
77.686,25.35,-1,-1,-1,DRIVING
77.743,24.16,-1,-1,-1,DRIVING
77.798,22.58,-1,-1,-1,DRIVING
77.854,21.96,-1,-1,-1,DRIVING
77.91,20.18,-1,-1,-1,DRIVING
77.966,18.87,60.86,27.12,LEFT,OBSTACLE
80.342,59.16,-1,-1,-1,DRIVING
80.4,60.11,-1,-1,-1,DRIVING
80.458,61.05,-1,-1,-1,DRIVING
80.516,61.34,-1,-1,-1,DRIVING
80.574,67.41,-1,-1,-1,DRIVING
80.632,61.90,-1,-1,-1,DRIVING
80.691,65.43,-1,-1,-1,DRIVING
80.749,59.84,-1,-1,-1,DRIVING
80.807,59.45,-1,-1,-1,DRIVING
80.866,59.50,-1,-1,-1,DRIVING
80.924,56.83,-1,-1,-1,DRIVING
80.982,56.02,-1,-1,-1,DRIVING
81.04,55.52,-1,-1,-1,DRIVING
81.097,53.35,-1,-1,-1,DRIVING
81.155,51.68,-1,-1,-1,DRIVING
81.213,51.97,-1,-1,-1,DRIVING
81.27,51.26,-1,-1,-1,DRIVING
81.328,49.59,-1,-1,-1,DRIVING
81.385,48.45,-1,-1,-1,DRIVING
81.443,46.63,-1,-1,-1,DRIVING
81.5,44.97,-1,-1,-1,DRIVING
81.557,43.83,-1,-1,-1,DRIVING
81.614,42.47,-1,-1,-1,DRIVING
81.672,41.57,-1,-1,-1,DRIVING
81.729,39.54,-1,-1,-1,DRIVING
81.785,37.96,-1,-1,-1,DRIVING
81.843,36.75,-1,-1,-1,DRIVING
81.899,35.63,-1,-1,-1,DRIVING
81.955,34.26,-1,-1,-1,DRIVING
82.013,33.30,-1,-1,-1,DRIVING
82.069,31.42,-1,-1,-1,DRIVING
82.125,30.63,-1,-1,-1,DRIVING
82.182,28.92,-1,-1,-1,DRIVING
82.238,27.61,-1,-1,-1,DRIVING
82.294,26.30,-1,-1,-1,DRIVING
82.351,24.89,-1,-1,-1,DRIVING
82.406,23.73,-1,-1,-1,DRIVING
82.462,22.34,-1,-1,-1,DRIVING
82.519,21.11,-1,-1,-1,DRIVING
82.574,19.65,60.71,25.13,LEFT,OBSTACLE
84.95,14.94,50.18,16.80,LEFT,OBSTACLE
87.324,45.49,-1,-1,-1,DRIVING
87.382,44.66,-1,-1,-1,DRIVING
87.439,44.78,-1,-1,-1,DRIVING
87.496,44.23,-1,-1,-1,DRIVING
87.554,43.08,-1,-1,-1,DRIVING
87.61,41.99,-1,-1,-1,DRIVING
87.667,40.56,-1,-1,-1,DRIVING
87.725,39.61,-1,-1,-1,DRIVING
87.781,37.94,-1,-1,-1,DRIVING
87.838,36.70,-1,-1,-1,DRIVING
87.895,35.68,-1,-1,-1,DRIVING
87.951,34.44,-1,-1,-1,DRIVING
88.008,33.66,-1,-1,-1,DRIVING
88.065,32.84,-1,-1,-1,DRIVING
88.121,32.62,-1,-1,-1,DRIVING
88.177,29.75,-1,-1,-1,DRIVING
88.233,28.44,-1,-1,-1,DRIVING
88.29,27.13,-1,-1,-1,DRIVING
88.346,25.82,-1,-1,-1,DRIVING
88.402,24.46,-1,-1,-1,DRIVING
88.459,23.27,-1,-1,-1,DRIVING
88.514,21.85,-1,-1,-1,DRIVING
88.57,21.06,-1,-1,-1,DRIVING
88.626,19.67,30.70,13.63,LEFT,OBSTACLE
90.999,53.86,-1,-1,-1,DRIVING
91.057,55.71,-1,-1,-1,DRIVING
91.115,68.43,-1,-1,-1,DRIVING
91.173,77.03,-1,-1,-1,DRIVING
91.233,75.75,-1,-1,-1,DRIVING
91.292,74.32,-1,-1,-1,DRIVING
91.351,72.73,-1,-1,-1,DRIVING
91.41,72.51,-1,-1,-1,DRIVING
91.468,72.71,-1,-1,-1,DRIVING
91.528,70.80,-1,-1,-1,DRIVING
91.586,69.62,-1,-1,-1,DRIVING
91.644,69.72,-1,-1,-1,DRIVING
91.704,68.00,-1,-1,-1,DRIVING
91.762,65.91,-1,-1,-1,DRIVING
91.821,64.62,-1,-1,-1,DRIVING
91.879,64.57,-1,-1,-1,DRIVING
91.937,62.99,-1,-1,-1,DRIVING
91.996,60.57,-1,-1,-1,DRIVING
92.054,60.93,-1,-1,-1,DRIVING
92.111,60.32,-1,-1,-1,DRIVING
92.17,57.61,-1,-1,-1,DRIVING
92.228,56.41,-1,-1,-1,DRIVING
92.285,55.52,-1,-1,-1,DRIVING
92.344,54.13,-1,-1,-1,DRIVING
92.401,54.43,-1,-1,-1,DRIVING
92.46,51.73,-1,-1,-1,DRIVING
92.517,51.32,-1,-1,-1,DRIVING
92.574,49.23,-1,-1,-1,DRIVING
92.632,50.59,-1,-1,-1,DRIVING
92.69,51.26,-1,-1,-1,DRIVING
92.747,50.10,-1,-1,-1,DRIVING
92.805,46.92,-1,-1,-1,DRIVING
92.862,45.27,-1,-1,-1,DRIVING
92.919,44.42,-1,-1,-1,DRIVING
92.977,44.42,-1,-1,-1,DRIVING
93.034,43.23,-1,-1,-1,DRIVING
93.09,40.99,-1,-1,-1,DRIVING
93.148,44.66,-1,-1,-1,DRIVING
93.205,40.92,-1,-1,-1,DRIVING
93.262,39.73,-1,-1,-1,DRIVING
93.319,39.08,-1,-1,-1,DRIVING
93.376,37.88,-1,-1,-1,DRIVING
93.432,36.01,-1,-1,-1,DRIVING
93.489,34.87,-1,-1,-1,DRIVING
93.546,33.56,-1,-1,-1,DRIVING
93.602,31.77,-1,-1,-1,DRIVING
93.659,30.06,-1,-1,-1,DRIVING
93.715,38.34,-1,-1,-1,DRIVING
93.772,28.66,-1,-1,-1,DRIVING
93.829,26.11,-1,-1,-1,DRIVING
93.884,27.90,-1,-1,-1,DRIVING
93.94,24.82,-1,-1,-1,DRIVING
93.997,29.27,-1,-1,-1,DRIVING
94.053,28.37,-1,-1,-1,DRIVING
94.109,28.80,-1,-1,-1,DRIVING
94.166,28.08,-1,-1,-1,DRIVING
94.222,26.66,-1,-1,-1,DRIVING
94.278,25.94,-1,-1,-1,DRIVING
94.333,25.40,-1,-1,-1,DRIVING
94.39,25.35,-1,-1,-1,DRIVING
94.446,24.92,-1,-1,-1,DRIVING
94.502,24.70,-1,-1,-1,DRIVING
94.558,106.23,-1,-1,-1,DRIVING
94.62,104.70,-1,-1,-1,DRIVING
94.682,104.63,-1,-1,-1,DRIVING
94.744,104.09,-1,-1,-1,DRIVING
94.806,104.09,-1,-1,-1,DRIVING
94.861,12.04,24.28,7.75,LEFT,OBSTACLE
97.232,35.62,-1,-1,-1,DRIVING
97.289,35.73,-1,-1,-1,DRIVING
97.346,35.28,-1,-1,-1,DRIVING
97.402,34.92,-1,-1,-1,DRIVING
97.459,34.20,-1,-1,-1,DRIVING
97.515,33.37,-1,-1,-1,DRIVING
97.572,32.42,-1,-1,-1,DRIVING
97.629,31.31,-1,-1,-1,DRIVING
97.685,30.46,-1,-1,-1,DRIVING
97.741,29.32,-1,-1,-1,DRIVING
97.798,28.27,-1,-1,-1,DRIVING
97.854,27.08,-1,-1,-1,DRIVING
97.91,25.99,-1,-1,-1,DRIVING
97.966,24.80,-1,-1,-1,DRIVING
98.022,23.51,-1,-1,-1,DRIVING
98.078,22.37,-1,-1,-1,DRIVING
98.134,20.96,-1,-1,-1,DRIVING
98.19,19.94,75.56,16.39,LEFT,OBSTACLE
100.566,69.72,-1,-1,-1,DRIVING
100.626,73.76,-1,-1,-1,DRIVING
100.685,70.80,-1,-1,-1,DRIVING
100.746,69.97,-1,-1,-1,DRIVING
100.805,69.62,-1,-1,-1,DRIVING
100.866,70.14,-1,-1,-1,DRIVING
100.925,68.43,-1,-1,-1,DRIVING
100.984,67.59,-1,-1,-1,DRIVING
101.045,66.88,-1,-1,-1,DRIVING
101.104,66.64,-1,-1,-1,DRIVING
101.164,64.70,-1,-1,-1,DRIVING
101.223,63.87,-1,-1,-1,DRIVING
101.282,62.75,-1,-1,-1,DRIVING
101.342,62.42,-1,-1,-1,DRIVING
101.401,65.08,-1,-1,-1,DRIVING
101.46,63.99,-1,-1,-1,DRIVING
101.52,62.14,-1,-1,-1,DRIVING
101.579,61.42,-1,-1,-1,DRIVING
101.639,60.64,-1,-1,-1,DRIVING
101.698,58.99,-1,-1,-1,DRIVING
101.757,58.38,-1,-1,-1,DRIVING
101.816,57.55,-1,-1,-1,DRIVING
101.875,56.25,-1,-1,-1,DRIVING
101.935,55.17,-1,-1,-1,DRIVING
101.993,54.38,-1,-1,-1,DRIVING
102.052,53.94,-1,-1,-1,DRIVING
102.111,53.13,-1,-1,-1,DRIVING
102.17,79.85,-1,-1,-1,DRIVING
102.231,77.35,-1,-1,-1,DRIVING
102.29,77.35,-1,-1,-1,DRIVING
102.35,69.99,-1,-1,-1,DRIVING
102.411,74.00,-1,-1,-1,DRIVING
102.47,68.12,-1,-1,-1,DRIVING
102.531,65.45,-1,-1,-1,DRIVING
102.59,62.90,-1,-1,-1,DRIVING
102.649,62.37,-1,-1,-1,DRIVING
102.709,60.35,-1,-1,-1,DRIVING
102.768,58.62,-1,-1,-1,DRIVING
102.827,58.57,-1,-1,-1,DRIVING
102.886,55.45,-1,-1,-1,DRIVING
102.945,55.47,-1,-1,-1,DRIVING
103.004,54.09,-1,-1,-1,DRIVING
103.063,51.34,-1,-1,-1,DRIVING
103.121,51.80,-1,-1,-1,DRIVING
103.18,48.47,-1,-1,-1,DRIVING
103.238,48.69,-1,-1,-1,DRIVING
103.298,49.06,-1,-1,-1,DRIVING
103.356,46.09,-1,-1,-1,DRIVING
103.414,45.37,-1,-1,-1,DRIVING
103.473,45.80,-1,-1,-1,DRIVING
103.531,42.45,-1,-1,-1,DRIVING
103.589,41.89,-1,-1,-1,DRIVING
103.647,39.58,-1,-1,-1,DRIVING
103.705,38.71,-1,-1,-1,DRIVING
103.763,36.99,-1,-1,-1,DRIVING
103.821,36.57,-1,-1,-1,DRIVING
103.879,35.34,-1,-1,-1,DRIVING
103.937,35.04,-1,-1,-1,DRIVING
103.994,33.69,-1,-1,-1,DRIVING
104.052,31.65,-1,-1,-1,DRIVING
104.11,30.23,-1,-1,-1,DRIVING
104.167,29.04,-1,-1,-1,DRIVING
104.224,27.91,-1,-1,-1,DRIVING
104.282,27.13,-1,-1,-1,DRIVING
104.339,28.68,-1,-1,-1,DRIVING
104.396,25.36,-1,-1,-1,DRIVING
104.454,23.02,-1,-1,-1,DRIVING
104.51,22.22,-1,-1,-1,DRIVING
104.567,24.94,-1,-1,-1,DRIVING
104.625,20.37,-1,-1,-1,DRIVING
104.681,18.90,21.13,10.01,LEFT,OBSTACLE
107.055,23.32,-1,-1,-1,DRIVING
107.112,30.52,-1,-1,-1,DRIVING
107.169,28.75,-1,-1,-1,DRIVING
107.227,29.05,-1,-1,-1,DRIVING
107.284,31.23,-1,-1,-1,DRIVING
107.341,34.68,-1,-1,-1,DRIVING
107.4,48.47,-1,-1,-1,DRIVING
107.458,32.23,-1,-1,-1,DRIVING
107.515,46.31,-1,-1,-1,DRIVING
107.574,45.14,-1,-1,-1,DRIVING
107.632,43.79,-1,-1,-1,DRIVING
107.691,42.38,-1,-1,-1,DRIVING
107.749,41.62,-1,-1,-1,DRIVING
107.806,40.32,-1,-1,-1,DRIVING
107.865,38.91,-1,-1,-1,DRIVING
107.923,37.71,-1,-1,-1,DRIVING
107.98,36.35,-1,-1,-1,DRIVING
108.039,34.99,-1,-1,-1,DRIVING
108.096,34.17,-1,-1,-1,DRIVING
108.153,33.39,-1,-1,-1,DRIVING
108.212,32.54,-1,-1,-1,DRIVING
108.269,31.65,-1,-1,-1,DRIVING
108.326,31.30,-1,-1,-1,DRIVING
108.384,40.63,-1,-1,-1,DRIVING
108.442,39.27,-1,-1,-1,DRIVING
108.5,38.37,-1,-1,-1,DRIVING
108.558,36.75,-1,-1,-1,DRIVING
108.616,35.45,-1,-1,-1,DRIVING
108.674,34.14,-1,-1,-1,DRIVING
108.731,33.35,-1,-1,-1,DRIVING
108.789,31.96,-1,-1,-1,DRIVING
108.847,30.48,-1,-1,-1,DRIVING
108.904,29.32,-1,-1,-1,DRIVING
108.961,28.49,-1,-1,-1,DRIVING
109.019,28.08,-1,-1,-1,DRIVING
109.076,36.52,-1,-1,-1,DRIVING
109.133,35.63,-1,-1,-1,DRIVING
109.192,33.75,-1,-1,-1,DRIVING
109.249,32.01,-1,-1,-1,DRIVING
109.306,30.97,-1,-1,-1,DRIVING
109.364,30.09,-1,-1,-1,DRIVING
109.422,31.48,-1,-1,-1,DRIVING
109.479,28.08,-1,-1,-1,DRIVING
109.537,26.04,-1,-1,-1,DRIVING
109.594,24.53,-1,-1,-1,DRIVING
109.65,26.71,-1,-1,-1,DRIVING
109.708,23.15,-1,-1,-1,DRIVING
109.765,21.13,-1,-1,-1,DRIVING
109.821,23.09,-1,-1,-1,DRIVING
109.879,18.72,30.28,10.01,LEFT,OBSTACLE
112.253,28.51,-1,-1,-1,DRIVING
112.311,28.44,-1,-1,-1,DRIVING
112.368,28.39,-1,-1,-1,DRIVING
112.425,27.97,-1,-1,-1,DRIVING
112.483,28.20,-1,-1,-1,DRIVING
112.54,28.95,-1,-1,-1,DRIVING
112.598,28.56,-1,-1,-1,DRIVING
112.655,25.33,-1,-1,-1,DRIVING
112.711,23.97,-1,-1,-1,DRIVING
112.769,22.87,-1,-1,-1,DRIVING
112.826,22.68,-1,-1,-1,DRIVING
112.883,28.66,-1,-1,-1,DRIVING
112.941,23.09,-1,-1,-1,DRIVING
112.997,23.94,-1,-1,-1,DRIVING
113.054,19.94,99.86,12.22,LEFT,OBSTACLE
115.433,79.39,-1,-1,-1,DRIVING
115.493,79.39,-1,-1,-1,DRIVING
115.549,77.59,-1,-1,-1,DRIVING
115.609,76.47,-1,-1,-1,DRIVING
115.67,75.36,-1,-1,-1,DRIVING
115.729,74.48,-1,-1,-1,DRIVING
115.789,73.52,-1,-1,-1,DRIVING
115.85,72.45,-1,-1,-1,DRIVING
115.909,71.30,-1,-1,-1,DRIVING
115.97,70.69,-1,-1,-1,DRIVING
116.029,68.99,-1,-1,-1,DRIVING
116.088,68.14,-1,-1,-1,DRIVING
116.149,66.81,-1,-1,-1,DRIVING
116.208,65.55,-1,-1,-1,DRIVING
116.268,63.99,-1,-1,-1,DRIVING
116.327,62.49,-1,-1,-1,DRIVING
116.386,60.71,-1,-1,-1,DRIVING
116.446,60.30,-1,-1,-1,DRIVING
116.505,58.19,-1,-1,-1,DRIVING
116.564,57.26,-1,-1,-1,DRIVING
116.623,55.90,-1,-1,-1,DRIVING
116.682,54.16,-1,-1,-1,DRIVING
116.741,53.18,-1,-1,-1,DRIVING
116.8,51.87,-1,-1,-1,DRIVING
116.858,50.13,-1,-1,-1,DRIVING
116.917,49.42,-1,-1,-1,DRIVING
116.975,48.26,-1,-1,-1,DRIVING
117.035,46.92,-1,-1,-1,DRIVING
117.093,45.61,-1,-1,-1,DRIVING
117.151,45.61,-1,-1,-1,DRIVING
117.207,43.42,-1,-1,-1,DRIVING
117.265,42.01,-1,-1,-1,DRIVING
117.323,40.75,-1,-1,-1,DRIVING
117.381,40.75,-1,-1,-1,DRIVING
117.437,38.25,-1,-1,-1,DRIVING
117.494,36.47,-1,-1,-1,DRIVING
117.553,35.45,-1,-1,-1,DRIVING
117.61,33.93,-1,-1,-1,DRIVING
117.668,32.61,-1,-1,-1,DRIVING
117.726,31.47,-1,-1,-1,DRIVING
117.783,30.18,-1,-1,-1,DRIVING
117.84,28.92,-1,-1,-1,DRIVING
117.898,27.68,-1,-1,-1,DRIVING
117.955,26.42,-1,-1,-1,DRIVING
118.012,26.42,-1,-1,-1,DRIVING
118.068,24.04,-1,-1,-1,DRIVING
118.125,22.68,-1,-1,-1,DRIVING
118.182,21.49,-1,-1,-1,DRIVING
118.239,20.23,-1,-1,-1,DRIVING
118.296,18.94,27.73,128.95,RIGHT,OBSTACLE
120.679,50.01,-1,-1,-1,DRIVING
120.737,49.81,-1,-1,-1,DRIVING
120.797,52.68,-1,-1,-1,DRIVING
120.855,64.31,-1,-1,-1,DRIVING
120.914,64.86,-1,-1,-1,DRIVING
120.974,62.78,-1,-1,-1,DRIVING
121.033,62.31,-1,-1,-1,DRIVING
121.093,62.61,-1,-1,-1,DRIVING
121.152,61.35,-1,-1,-1,DRIVING
121.211,59.87,-1,-1,-1,DRIVING
121.271,59.04,-1,-1,-1,DRIVING
121.33,58.50,-1,-1,-1,DRIVING
121.389,57.24,-1,-1,-1,DRIVING
121.448,55.96,-1,-1,-1,DRIVING
121.507,54.98,-1,-1,-1,DRIVING
121.566,53.53,-1,-1,-1,DRIVING
121.625,52.34,-1,-1,-1,DRIVING
121.683,51.80,-1,-1,-1,DRIVING
121.742,50.85,-1,-1,-1,DRIVING
121.801,49.71,-1,-1,-1,DRIVING
121.86,49.06,-1,-1,-1,DRIVING
121.918,48.82,-1,-1,-1,DRIVING
121.976,47.28,-1,-1,-1,DRIVING
122.035,46.26,-1,-1,-1,DRIVING
122.093,45.59,-1,-1,-1,DRIVING
122.151,44.37,-1,-1,-1,DRIVING
122.21,43.15,-1,-1,-1,DRIVING
122.268,42.30,-1,-1,-1,DRIVING
122.327,40.87,-1,-1,-1,DRIVING
122.385,40.31,-1,-1,-1,DRIVING
122.442,39.37,-1,-1,-1,DRIVING
122.501,38.37,-1,-1,-1,DRIVING
122.559,37.83,-1,-1,-1,DRIVING
122.616,37.55,-1,-1,-1,DRIVING
122.675,63.04,-1,-1,-1,DRIVING
122.734,61.54,-1,-1,-1,DRIVING
122.792,59.91,-1,-1,-1,DRIVING
122.852,59.45,-1,-1,-1,DRIVING
122.911,57.61,-1,-1,-1,DRIVING
122.971,56.42,-1,-1,-1,DRIVING
123.029,55.11,-1,-1,-1,DRIVING
123.088,53.38,-1,-1,-1,DRIVING
123.147,52.50,-1,-1,-1,DRIVING
123.206,51.09,-1,-1,-1,DRIVING
123.265,49.22,-1,-1,-1,DRIVING
123.323,48.89,-1,-1,-1,DRIVING
123.381,47.50,-1,-1,-1,DRIVING
123.441,46.60,-1,-1,-1,DRIVING
123.499,44.40,-1,-1,-1,DRIVING
123.557,44.35,-1,-1,-1,DRIVING
123.615,40.90,-1,-1,-1,DRIVING
123.673,41.16,-1,-1,-1,DRIVING
123.731,38.78,-1,-1,-1,DRIVING
123.789,38.13,-1,-1,-1,DRIVING
123.847,36.94,-1,-1,-1,DRIVING
123.906,34.49,-1,-1,-1,DRIVING
123.963,32.13,-1,-1,-1,DRIVING
124.02,31.06,-1,-1,-1,DRIVING
124.078,30.40,-1,-1,-1,DRIVING
124.135,31.40,-1,-1,-1,DRIVING
124.192,29.58,-1,-1,-1,DRIVING
124.251,26.83,-1,-1,-1,DRIVING
124.307,25.28,-1,-1,-1,DRIVING
124.364,24.06,-1,-1,-1,DRIVING
124.422,23.75,-1,-1,-1,DRIVING
124.479,21.78,-1,-1,-1,DRIVING
124.535,19.53,10.56,37.96,RIGHT,OBSTACLE
126.911,32.28,-1,-1,-1,DRIVING
126.969,32.23,-1,-1,-1,DRIVING
127.027,32.73,-1,-1,-1,DRIVING
127.084,32.37,-1,-1,-1,DRIVING
127.141,32.08,-1,-1,-1,DRIVING
127.2,31.40,-1,-1,-1,DRIVING
127.257,30.63,-1,-1,-1,DRIVING
127.314,30.99,-1,-1,-1,DRIVING
127.372,72.45,-1,-1,-1,DRIVING
127.431,71.15,-1,-1,-1,DRIVING
127.492,69.43,-1,-1,-1,DRIVING
127.551,67.75,-1,-1,-1,DRIVING
127.611,66.33,-1,-1,-1,DRIVING
127.671,64.62,-1,-1,-1,DRIVING
127.73,64.06,-1,-1,-1,DRIVING
127.79,61.91,-1,-1,-1,DRIVING
127.849,61.81,-1,-1,-1,DRIVING
127.908,60.18,-1,-1,-1,DRIVING
127.968,58.63,-1,-1,-1,DRIVING
128.026,57.49,-1,-1,-1,DRIVING
128.086,57.07,-1,-1,-1,DRIVING
128.145,56.30,-1,-1,-1,DRIVING
128.203,54.89,-1,-1,-1,DRIVING
128.263,53.75,-1,-1,-1,DRIVING
128.321,52.50,-1,-1,-1,DRIVING
128.38,52.79,-1,-1,-1,DRIVING
128.439,49.56,-1,-1,-1,DRIVING
128.497,48.08,-1,-1,-1,DRIVING
128.556,47.55,-1,-1,-1,DRIVING
128.614,45.90,-1,-1,-1,DRIVING
128.672,44.64,-1,-1,-1,DRIVING
128.731,43.40,-1,-1,-1,DRIVING
128.789,41.99,-1,-1,-1,DRIVING
128.847,41.21,-1,-1,-1,DRIVING
128.906,40.49,-1,-1,-1,DRIVING
128.963,43.33,-1,-1,-1,DRIVING
129.021,39.61,-1,-1,-1,DRIVING
129.08,38.32,-1,-1,-1,DRIVING
129.138,39.24,-1,-1,-1,DRIVING
129.196,36.57,-1,-1,-1,DRIVING
129.254,35.73,-1,-1,-1,DRIVING
129.311,35.38,-1,-1,-1,DRIVING
129.369,34.99,-1,-1,-1,DRIVING
129.427,31.48,-1,-1,-1,DRIVING
129.484,31.65,-1,-1,-1,DRIVING
129.542,29.15,-1,-1,-1,DRIVING
129.599,27.97,-1,-1,-1,DRIVING
129.656,26.37,-1,-1,-1,DRIVING
129.714,26.44,-1,-1,-1,DRIVING
129.771,26.44,-1,-1,-1,DRIVING
129.828,32.39,-1,-1,-1,DRIVING
129.886,30.82,-1,-1,-1,DRIVING
129.943,28.56,-1,-1,-1,DRIVING
130.0,27.20,-1,-1,-1,DRIVING
130.058,25.89,-1,-1,-1,DRIVING
130.115,24.99,-1,-1,-1,DRIVING
130.172,23.63,-1,-1,-1,DRIVING
130.229,22.08,-1,-1,-1,DRIVING
130.286,22.34,-1,-1,-1,DRIVING
130.343,20.23,-1,-1,-1,DRIVING
130.4,18.82,12.58,36.58,RIGHT,OBSTACLE
132.775,65.96,-1,-1,-1,DRIVING
132.835,64.62,-1,-1,-1,DRIVING
132.895,64.48,-1,-1,-1,DRIVING
132.955,63.87,-1,-1,-1,DRIVING
133.014,63.09,-1,-1,-1,DRIVING
133.073,61.86,-1,-1,-1,DRIVING
133.133,60.88,-1,-1,-1,DRIVING
133.192,60.28,-1,-1,-1,DRIVING
133.251,58.74,-1,-1,-1,DRIVING
133.31,57.51,-1,-1,-1,DRIVING
133.369,56.90,-1,-1,-1,DRIVING
133.428,56.02,-1,-1,-1,DRIVING
133.487,55.79,-1,-1,-1,DRIVING
133.547,54.96,-1,-1,-1,DRIVING
133.605,56.88,-1,-1,-1,DRIVING
133.664,61.71,-1,-1,-1,DRIVING
133.724,61.00,-1,-1,-1,DRIVING
133.783,59.74,-1,-1,-1,DRIVING
133.841,58.48,-1,-1,-1,DRIVING
133.901,57.09,-1,-1,-1,DRIVING
133.96,55.88,-1,-1,-1,DRIVING
134.019,54.49,-1,-1,-1,DRIVING
134.078,53.28,-1,-1,-1,DRIVING
134.136,51.97,-1,-1,-1,DRIVING
134.196,50.44,-1,-1,-1,DRIVING
134.254,49.08,-1,-1,-1,DRIVING
134.312,47.92,-1,-1,-1,DRIVING
134.371,46.51,-1,-1,-1,DRIVING
134.429,45.20,-1,-1,-1,DRIVING
134.488,43.84,-1,-1,-1,DRIVING
134.546,42.53,-1,-1,-1,DRIVING
134.604,41.40,-1,-1,-1,DRIVING
134.663,40.14,-1,-1,-1,DRIVING
134.72,38.62,-1,-1,-1,DRIVING
134.778,37.32,-1,-1,-1,DRIVING
134.836,36.40,-1,-1,-1,DRIVING
134.894,35.16,-1,-1,-1,DRIVING
134.951,33.90,-1,-1,-1,DRIVING
135.01,32.66,-1,-1,-1,DRIVING
135.067,31.82,-1,-1,-1,DRIVING
135.124,30.36,-1,-1,-1,DRIVING
135.182,29.27,-1,-1,-1,DRIVING
135.239,28.03,-1,-1,-1,DRIVING
135.297,26.78,-1,-1,-1,DRIVING
135.354,25.53,-1,-1,-1,DRIVING
135.411,24.39,-1,-1,-1,DRIVING
135.469,23.26,-1,-1,-1,DRIVING
135.525,21.88,-1,-1,-1,DRIVING
135.582,21.01,-1,-1,-1,DRIVING
135.639,19.87,20.48,48.77,RIGHT,OBSTACLE
138.016,44.90,-1,-1,-1,DRIVING
138.075,44.83,-1,-1,-1,DRIVING
138.133,46.87,-1,-1,-1,DRIVING
138.191,45.73,-1,-1,-1,DRIVING
138.25,45.73,-1,-1,-1,DRIVING
138.305,45.73,-1,-1,-1,DRIVING
138.361,42.21,-1,-1,-1,DRIVING
138.419,41.31,-1,-1,-1,DRIVING
138.477,40.27,-1,-1,-1,DRIVING
138.535,39.49,-1,-1,-1,DRIVING
138.593,38.47,-1,-1,-1,DRIVING
138.651,38.05,-1,-1,-1,DRIVING
138.708,38.25,-1,-1,-1,DRIVING
138.767,54.89,-1,-1,-1,DRIVING
138.826,53.75,-1,-1,-1,DRIVING
138.885,53.69,-1,-1,-1,DRIVING
138.944,52.56,-1,-1,-1,DRIVING
139.002,51.49,-1,-1,-1,DRIVING
139.061,51.32,-1,-1,-1,DRIVING
139.12,50.24,-1,-1,-1,DRIVING
139.179,55.59,-1,-1,-1,DRIVING
139.237,55.11,-1,-1,-1,DRIVING
139.296,54.13,-1,-1,-1,DRIVING
139.355,52.34,-1,-1,-1,DRIVING
139.414,49.84,-1,-1,-1,DRIVING
139.472,47.80,-1,-1,-1,DRIVING
139.531,46.46,-1,-1,-1,DRIVING
139.589,44.23,-1,-1,-1,DRIVING
139.648,42.94,-1,-1,-1,DRIVING
139.706,41.26,-1,-1,-1,DRIVING
139.764,40.38,-1,-1,-1,DRIVING
139.822,39.49,-1,-1,-1,DRIVING
139.88,38.44,-1,-1,-1,DRIVING
139.938,37.45,-1,-1,-1,DRIVING
139.996,36.94,-1,-1,-1,DRIVING
140.054,36.16,-1,-1,-1,DRIVING
140.111,33.68,-1,-1,-1,DRIVING
140.169,32.37,-1,-1,-1,DRIVING
140.227,30.80,-1,-1,-1,DRIVING
140.284,28.87,-1,-1,-1,DRIVING
140.342,27.42,-1,-1,-1,DRIVING
140.399,26.52,-1,-1,-1,DRIVING
140.455,29.09,-1,-1,-1,DRIVING
140.514,26.95,-1,-1,-1,DRIVING
140.57,23.04,-1,-1,-1,DRIVING
140.627,21.20,-1,-1,-1,DRIVING
140.685,21.20,-1,-1,-1,DRIVING
140.741,18.12,21.78,21.37,LEFT,OBSTACLE
143.116,32.13,-1,-1,-1,DRIVING
143.173,26.96,-1,-1,-1,DRIVING
143.23,26.96,-1,-1,-1,DRIVING
143.286,26.44,-1,-1,-1,DRIVING
143.343,26.06,-1,-1,-1,DRIVING
143.4,25.65,-1,-1,-1,DRIVING
143.458,24.82,-1,-1,-1,DRIVING
143.515,24.04,-1,-1,-1,DRIVING
143.572,24.04,-1,-1,-1,DRIVING
143.628,22.39,-1,-1,-1,DRIVING
143.685,22.85,-1,-1,-1,DRIVING
143.741,26.66,-1,-1,-1,DRIVING
143.799,22.87,-1,-1,-1,DRIVING
143.856,20.77,-1,-1,-1,DRIVING
143.912,24.09,-1,-1,-1,DRIVING
143.97,19.06,18.63,14.48,LEFT,OBSTACLE
